{
  "$schema": "http://json-schema.org/draft-07/schema#",
  "title": "Loan Application",
  "type": "object",
  "properties": {
    "caseId": {
      "type": "string",
      "pattern": "^[A-Z]{3}-\\d{9}$",
      "minLength": 10,
      "maxLength": 13,
      "errorMessage": {
        "pattern": "caseId must follow format AAA-123456789",
        "minLength": "caseId must be at least 10 characters",
        "maxLength": "caseId must be at most 13 characters"
      }
    },
    "loanNumber": {
      "type": "string",
      "minLength": 5,
      "maxLength": 20,
      "errorMessage": {
        "minLength": "loanNumber must be at least 5 characters",
        "maxLength": "loanNumber must be at most 20 characters"
      }
    },
    "applicantName": {
      "type": "string",
      "minLength": 3,
      "errorMessage": {
        "minLength": "applicantName must be at least 3 characters"
      }
    },
    "applicationDate": {
      "type": "string",
      "format": "date",
      "errorMessage": {
        "format": "applicationDate must be a valid ISO date (yyyy-MM-dd)"
      }
    }
  },
  "required": ["caseId", "loanNumber", "applicantName", "applicationDate"],
  "errorMessage": {
    "required": {
      "caseId": "caseId is required",
      "loanNumber": "loanNumber is required",
      "applicantName": "applicantName is required",
      "applicationDate": "applicationDate is required"
    }
  }
}
